<?xml version="1.0" encoding="UTF-8"?>
<project-private xmlns="http://www.netbeans.org/ns/project-private/1">
    <editor-bookmarks xmlns="http://www.netbeans.org/ns/editor-bookmarks/2" lastBookmarkId="0"/>
    <open-files xmlns="http://www.netbeans.org/ns/projectui-open-files/2">
        <group>
            <file>file:/C:/Users/Fernando/Documents/NetBeansProjects/CursoJava8/src/Clase1/Vectores.java</file>
            <file>file:/C:/Users/Fernando/Documents/NetBeansProjects/CursoJava8/src/Clase1/Switches.java</file>
            <file>file:/C:/Users/Fernando/Documents/NetBeansProjects/CursoJava8/src/cursojava8/CursoJava8.java</file>
            <file>file:/C:/Users/Fernando/Documents/NetBeansProjects/CursoJava8/src/Clase1/DefinirArgumentois.java</file>
            <file>file:/C:/Users/Fernando/Documents/NetBeansProjects/CursoJava8/src/Clase1/DoWhile.java</file>
            <file>file:/C:/Users/Fernando/Documents/NetBeansProjects/CursoJava8/src/Clase1/TipoDeDatos.java</file>
            <file>file:/C:/Users/Fernando/Documents/NetBeansProjects/CursoJava8/src/Clase1/If_Else.java</file>
            <file>file:/C:/Users/Fernando/Documents/NetBeansProjects/CursoJava8/src/Clase1/doWhileBreak.java</file>
        </group>
    </open-files>
</project-private>
